time,content_id,action,from_status,to_status,summary,file
2026-09-29T14:56:00+08:00,SYSTEM,init,,,系统初始化：创建目录、模板、索引、日志、来源清单和内容日历,README.md
2026-09-29T14:56:30+08:00,C-20260929-01,create,,inbox,创建选题：过年把三代人串起来,topics/C-20260929-01-过年把三代人串起来/brief.md
2026-09-29T14:56:30+08:00,C-20260929-01,status,inbox,researching,填写 brief 并开始研究；只读检查 task-os 未找到相关内容,topics/C-20260929-01-过年把三代人串起来/research.md
2026-09-29T14:56:48+08:00,C-20260929-01,status,researching,drafting,写入约 800 字大纲；未发布，未核实内容标【待核】,topics/C-20260929-01-过年把三代人串起来/draft.md
2026-09-29T15:19:29+08:00,SYSTEM,edit,,,README.md 开头写入定位，新增「待用户提供」两节（资讯平台名单、写作模板名单）,README.md
2026-09-29T15:19:29+08:00,C-20260929-01,status,drafting,archived,初始化示例，非业务选题（按用户要求直接归档，跳过中间状态）,index.md
2026-09-29T15:22:51+08:00,SYSTEM,edit,,,"重写 sources.md：删去 8 个泛来源位，改为 4 类币圈来源（市场价格与结构、监管与传统金融、安全与风险事件、一手项目/研究）各 3 个待确认占位，写明收/不收规则",sources.md
2026-09-29T15:23:12+08:00,SYSTEM,create,,,"新建 filter.md：三层漏斗（排除/四件事/五维打分满分 8）、维度对照表、每日 25 分钟流程；watchlist.md、thesis.md 待用户提供",filter.md
2026-09-29T15:23:24+08:00,SYSTEM,edit,,,"README.md 小改：sources.md 描述改为四类币圈来源，目录结构加入 filter.md，操作规则第 10 条加入按 filter.md 筛选",README.md
2026-09-29T15:23:37+08:00,C-20260929-01,edit,archived,archived,"状态标注补充为「archived（初始化示例，非业务选题，非币圈方向）」，index.md 与 brief.md 状态行同步",topics/C-20260929-01-过年把三代人串起来/brief.md
2026-09-29T15:23:57+08:00,C-20260929-02,create,,inbox,"创建选题：币圈日报（当天序号 01 已被 C-20260929-01 占用，故用 02）",topics/C-20260929-02-币圈日报/brief.md
2026-09-29T15:23:57+08:00,C-20260929-02,status,inbox,researching,"填写 brief（读者/渠道/关联任务待定，禁止买卖建议），开始 24 小时试跑研究",topics/C-20260929-02-币圈日报/research.md
2026-09-29T15:32:41+08:00,C-20260929-02,research,researching,researching,"24 小时试跑（约 2026-09-28 15:00 至 09-29 15:00 HKT）：29 条候选，≥7 分 5 条，写入 research.md；来源仅试跑，未确认",topics/C-20260929-02-币圈日报/research.md
2026-09-29T15:32:55+08:00,SYSTEM,edit,,,"index.md 增加「系统文件」小节，记录 sources.md、filter.md、README.md 最后更新时间；watchlist.md、thesis.md 待用户提供",index.md
2026-09-29T16:53:03+08:00,SYSTEM,edit,,,sources.md 登记 REG-01 Foresight News 为已确认（用户确认）,sources.md
2026-09-29T16:55:06+08:00,SYSTEM,edit,,,sources.md REG-01 抓取方式改为公开只读接口（网页和浏览器均 403）,sources.md
2026-09-29T17:05:13+08:00,C-20260929-02,research,researching,researching,"试跑 2：Foresight News（REG-01）快讯 2026-09-28 17:11 至 09-29 16:50 HKT 共 93 条（分页接口核对无缺漏）；第一层排除 30、第二层丢弃 25、≥7 分 12 条/6 件事、4–6 分 23 条、≤3 分 3 条；站方重要 28 条中 8 条进 ≥7；与试跑 1 五条合并，新增 BitMine",topics/C-20260929-02-币圈日报/research.md
2026-09-30T21:34:07+08:00,SYSTEM,create,,,新建 categories.md：用户提供的 14 个大类、79 个小类,categories.md
2026-09-30T21:34:07+08:00,SYSTEM,edit,,,filter.md 增加「分类标注」规则；README 规则第 10 条加分类要求,filter.md;README.md
2026-09-30T21:40:46+08:00,C-20260929-02,research,researching,researching,"试跑 2 按 categories.md 补标分类：93 条全部标主小类（副小类≤2），候选表加「主小类/副小类」两列；新增分类汇总（13 个大类有条目，14. 组合与策略为 0；未归类 6 条：F20、F35、F41、F62、F68、F79）；≥7 分 6 件事按大类分组（监管 2、市场结构 1、安全 1、人物机构 2）；分数和去向不变",topics/C-20260929-02-币圈日报/research.md
2026-10-02T09:27:29+08:00,SYSTEM,create,,,新建 resources.md 资源收藏列表（A–D 共 10 组，空表待用户补充）,resources.md
2026-10-02T09:29:36+08:00,SYSTEM,edit,,,resources.md「A. 项目库 - 情报 / 信息源」新增 19 条（用户提供）,resources.md
2026-10-03T23:35:00+08:00,C-20261003-01,create,,inbox,"创建选题：SEC 批准 Cboe 上市 6 只 3 倍杠杆 ETP（线索来自交易观察员监控页 data.json，updated_utc8 2026-10-03 23:20:22；24h 短名单 5 条，本条 filter 8 分）",topics/C-20261003-01-SEC批准3倍杠杆加密ETP/brief.md
2026-10-03T23:35:00+08:00,C-20261003-01,status,inbox,researching,"填写 brief（读者=X 中文币圈用户，形式=短讯/X 图文贴文，channel=X，截止=无（样稿），related_task 待定），开始核实",topics/C-20261003-01-SEC批准3倍杠杆加密ETP/brief.md
2026-10-03T23:35:00+08:00,C-20261003-01,research,researching,researching,"research.md 写入短名单 5 条及打分、选题理由、素材 R-01–R-09（SEC 批准令原文已存档 sources/，S-1 与 EDGAR 截至 23:32 HKT 无生效记录）；事实/观点/待核实分开",topics/C-20261003-01-SEC批准3倍杠杆加密ETP/research.md
2026-10-03T23:35:00+08:00,C-20261003-01,status,researching,drafting,"写入 X 样稿：主帖加权 278/280，可选跟帖 3 条，配图方案 2 张，自查清单；未发布",topics/C-20261003-01-SEC批准3倍杠杆加密ETP/draft.md
2026-10-03T23:35:00+08:00,C-20261003-01,review,drafting,drafting,"review.md 填写发布前自查（对照 brief）；状态仍为 drafting",topics/C-20261003-01-SEC批准3倍杠杆加密ETP/review.md
2026-10-03T23:35:00+08:00,SYSTEM,edit,,,index.md 新增 C-20261003-01 行,index.md
2026-10-04T22:57:26+08:00,C-20261004-01,create,,inbox,"创建选题：本周代币解锁 ENA/HYPE/KGEN（线索来自交易观察员解锁页 events/unlock.json，updated 2026-10-04 17:49:13 HKT；该页无分数字段，按占流通/美元值/cliff 排序后用 filter.md 打分，短名单 5 个代币）",topics/C-20261004-01-本周解锁ENA-HYPE-KGEN/brief.md
2026-10-04T22:57:26+08:00,C-20261004-01,status,inbox,researching,"填写 brief（读者=X 中文币圈用户，形式=短讯/3 条独立 X 图文贴文，channel=X，截止=无（样稿），related_task 待定），开始核实",topics/C-20261004-01-本周解锁ENA-HYPE-KGEN/brief.md
2026-10-04T22:57:26+08:00,C-20261004-01,research,researching,researching,"research.md 写入数据源与分数说明、短名单 5 个代币及打分（ENA 7/HYPE 6/KGEN 4/LA 4/RAIN 2）、解锁页数据质量问题 10 条、素材 R-01–R-18（官方博客、SEC 8-K、Tokenomist、DefiLlama、CoinGecko 快照已存档 sources/）；事实/观点/待核实分开",topics/C-20261004-01-本周解锁ENA-HYPE-KGEN/research.md
2026-10-04T22:57:26+08:00,C-20261004-01,status,researching,drafting,"写入 X 样稿：ENA 主帖 278/280+跟帖 2 条，HYPE 主帖 277/280+跟帖 1 条，KGEN 主帖 260/280+跟帖 1 条（备选），配图方案 3 张，自查清单；未发布",topics/C-20261004-01-本周解锁ENA-HYPE-KGEN/draft.md
2026-10-04T22:57:26+08:00,C-20261004-01,review,drafting,drafting,"review.md 填写发布前自查（对照 brief）；状态仍为 drafting",topics/C-20261004-01-本周解锁ENA-HYPE-KGEN/review.md
2026-10-04T22:57:26+08:00,SYSTEM,edit,,,index.md 新增 C-20261004-01 行,index.md
2026-10-05T05:59:51+08:00,SYSTEM,edit,,,"sources.md 登记 MKT-01 交易观察员已核事件表（trading-watch）为已确认（确认日期 2026-10-05，经出海大师转达用户确认）；原为空占位，未覆盖其他来源；字段按 REG-01 补齐类型、更新频率、可信度，另加规则、读取方式",sources.md
2026-10-05T06:02:46+08:00,C-20261005-01,create,,inbox,"创建选题：事件定价周表 #1（解锁篇）（当天无已有 ID，用 01；数据 MKT-01 已核表 /workspace/trading-watch/unlocks_2026-10-01.csv，核对 14 行、24 列、时间列为 UTC+8）",topics/C-20261005-01-事件定价周表1-解锁篇/brief.md
2026-10-05T06:02:46+08:00,C-20261005-01,status,inbox,researching,"填写 brief（栏目=事件定价，主小类 fundamental.unlock、副小类 calendar.unlock，形式=深度/长文，channel=X 长推+币安广场，related_task 待任务管家创建，截止待定）；CSV 快照存 sources/",topics/C-20261005-01-事件定价周表1-解锁篇/brief.md
2026-10-05T06:04:06+08:00,C-20261005-01,research,researching,researching,"research.md 写入 trading-watch 清点、CSV 行列核对、主表、计数观察、与 C-20261004-01 重叠检查（正文币种无重合）、XPL 两种口径（Tokenomist 09-25 20:00/17.6 亿/63.2% vs DefiLlama 13:48/1.89B/41.79%）、素材 R-01–R-08、待核 6 条",topics/C-20261005-01-事件定价周表1-解锁篇/research.md
2026-10-05T06:04:52+08:00,C-20261005-01,status,researching,drafting,"写入长推/币安广场长文（加权 2374，需 X Premium）+ ≤280 短版 274 与跟帖 251/151 + 配图方案 1 张（markdown 图源表）+ 不合并说明 + 自查清单；未发布",topics/C-20261005-01-事件定价周表1-解锁篇/draft.md
2026-10-05T06:05:28+08:00,SYSTEM,create,,,"新建 templates/事件定价周表.md（深度/长文；X 长推 / 币安广场）与 templates/README.md 模板清单",templates/事件定价周表.md;templates/README.md
2026-10-05T06:05:37+08:00,C-20261005-01,review,drafting,drafting,"review.md 填写发布前自查，新增空节「发布后 24 小时互动数据（基线）」待发布后填写；状态仍为 drafting",topics/C-20261005-01-事件定价周表1-解锁篇/review.md
2026-10-05T06:05:37+08:00,SYSTEM,edit,,,"README.md 写作模板名单登记 templates/事件定价周表.md，目录结构加入该模板与 templates/README.md",README.md
2026-10-05T06:05:47+08:00,SYSTEM,edit,,,"index.md 新增 C-20261005-01 行；系统文件表更新 sources.md（已确认 2 个）、README.md，新增 templates/README.md 行",index.md
