ticker,name,unlock_time_utc8,unlock_amount,source_value_usd,computed_value_usd,pct_circ,recipients,unlock_source,price_source,price_7d_before,price_at_unlock,price_24h_after,price_now,price_now_time_utc8,pre7d_change_pct,post_unlock_change_pct,change_24h_after_pct,post_low_vs_unlock_pct,post_high_vs_unlock_pct,btc_pre7d_change_pct,btc_post_change_pct,relative_vs_btc_post_pp,note
SOSO,SoSoValue,2026-09-24 17:00,23460000.0,6800000.0,7688462,5.97,未披露(新闻未列),PANews/Tokenomist,CoinGecko market_chart days=16 (hourly),0.29566101511230936,0.3277264345822845,0.31315326261526333,0.3128145913101359,2026-10-01 12:39,10.84533226600566,-4.550088640592886,-4.4467490044237445,-9.540927083712013,2.561305903207445,9.252907914801533,0.2820822039108162,-4.832170844503702,
H,Humanity Protocol,2026-09-25 08:00,266000000.0,19200000.0,17483927,7.34,团队/投资人/生态/储备等6类(DefiLlama),PANews/Tokenomist,CoinGecko market_chart days=16 (hourly),0.08830337416533658,0.06572904779775028,0.07879696220986956,0.06925074128897739,2026-10-01 12:39,-25.564511640652388,5.357895191275919,19.881490528098844,-1.7058986899144424,21.468579212840687,10.46001407278303,-0.6092151852666317,5.96711037654255,DefiLlama记为9/23 21:15，日期有出入
BIGTIME,Big Time,2026-09-25 08:00,333000000.0,2700000.0,2800530,13.34,未披露,PANews/Tokenomist,Binance spot 1h klines (data-api.binance.vision),0.00724,0.00841,0.00876,0.00894,2026-10-01 12:42,16.16022099447516,6.302021403091551,4.1617122473246,0.0,20.451843043995233,10.46001407278303,-0.6092151852666317,6.911236588358182,
XPL,Plasma,2026-09-25 20:00,1760000000.0,158000000.0,195483200,63.2,投资人8.33亿+团队8.33亿+生态0.89亿,PANews/Tokenomist,Binance spot 1h klines (data-api.binance.vision),0.08811,0.11107,0.12031,0.09687,2026-10-01 12:42,26.05833617069573,-12.784730350229589,8.31907805888179,-17.44845592869363,8.958314576393267,8.35314130394542,-0.8117977873473792,-11.97293256288221,另有9/28 12:00约2972万枚月度释放(RootData)
STBL,STBL,2026-09-26 18:00,210000000.0,5300000.0,5979459,4.42,未披露,PANews/Tokenomist,CoinGecko market_chart days=16 (hourly),0.02672079892888679,0.028473615925951715,0.02815172271505165,0.02621056837373703,2026-10-01 12:39,6.559747714616515,-7.947875528348591,-1.1304964277708107,-11.499366708554382,0.0,3.315791454033179,-0.14991318936145026,-7.797962338987141,
ALT,AltLayer,2026-09-26 07:29,240100000.0,,1937607,3.27,团队/投资人/顾问/国库/生态(DefiLlama),DefiLlama,Binance spot 1h klines (data-api.binance.vision),0.00709,0.00807,0.00813,0.00781,2026-10-01 12:42,13.822284908321603,-3.2218091697645668,0.7434944237918018,-8.550185873605953,2.3543990086740907,3.6283647955860587,-0.22245862870102773,-2.999350541063539,仅DefiLlama数据
GRASS,Grass,2026-09-28 03:19,20710000.0,,13057313,2.93,投资人10.5M+团队4.89M+激励/储备5.32M(DefiLlama),DefiLlama,CoinGecko market_chart days=16 (hourly),0.35820338716338723,0.6304834848548814,0.5905337328969765,0.7027810761176511,2026-10-01 12:39,76.01270882659162,11.467007939059727,-6.336367711059088,-13.219728999682701,21.34165687365044,4.668135149809949,-1.088047978003004,12.555055917062731,仅DefiLlama数据；9/28 03:19-09:23分三笔
FF,Falcon Finance,2026-09-29 21:00,77140000.0,10200000.0,9175032,2.51,"未披露(DefiLlama另列团队/投资人/生态共2.03亿,时间不同)",PANews/Tokenomist,Binance spot 1h klines (data-api.binance.vision),0.12782,0.11894,0.12845,0.12852,2026-10-01 12:42,-6.947269597871997,8.054481251050948,7.995628047755177,0.0,10.904657810660833,-1.9659162598906876,-0.5180069213835514,8.5724881724345,DefiLlama数量/时间与Tokenomist不一致
CARDS,Collector Crypt,2026-09-30 03:00,59260000.0,10700000.0,13458541,10.62,团队3250万/社区1458万/顾问/投资人(BeInCrypto),PANews/Tokenomist,CoinGecko market_chart days=16 (hourly),0.17737058463469305,0.22711003946851263,0.19099868963758201,0.20169413067374298,2026-10-01 12:40,28.042674007226974,-11.191010689905411,-15.900375833423796,-20.147497269926617,0.0,-3.263246221292837,0.3060736489717941,-11.497084338877205,Foresight/BeInCrypto写9/29(UTC)
ZORA,Zora,2026-09-30 00:17,166670000.0,,1319403,2.94,投资人7250万/团队5250万/储备4167万(DefiLlama),DefiLlama,CoinGecko market_chart days=16 (hourly),0.008755117839951964,0.007916258498303751,0.008040357472274237,0.008012778985676232,2026-10-01 12:40,-9.58135980557876,1.2192690194889666,1.5676468119008025,-2.4579565498153766,3.089178953148908,-3.8710677118321546,0.9967737275485167,0.22249529194044992,仅DefiLlama数据
GUN,GUNZ,2026-09-30 09:23,271060000.0,,794206,6.56,投资人1.81亿/储备/团队(DefiLlama),DefiLlama,Binance spot 1h klines (data-api.binance.vision),0.00312,0.00293,0.00298,0.00301,2026-10-01 12:42,-6.08974358974359,2.7303754266211566,1.7064846416382284,-0.6825938566552892,3.0716723549488067,-3.474489317328977,0.5304040484409578,2.199971378180199,仅DefiLlama数据
KMNO,Kamino,2026-09-30 20:00,229000000.0,10800000.0,9842420,2.81,未披露,PANews/Tokenomist,Binance spot 1h klines (data-api.binance.vision),0.03694,0.04298,,0.04438,2026-10-01 12:42,16.350839198700594,3.2573289902280367,,-1.0004653327128854,5.677059097254555,-2.02544169314266,-0.022844498795626667,3.2801734890236633,
SUI,Sui,2026-10-01 08:00,13260000.0,16700000.0,15438618,0.32,未披露,PANews/Tokenomist,Binance spot 1h klines (data-api.binance.vision),0.9601,1.1643,,1.1722,2026-10-01 12:42,21.26861785230705,0.678519281972001,,0.0,1.6061152623894293,-0.9170995383755098,0.3257573610508713,0.3527619209211297,解锁至今仅约5小时
EIGEN,EigenCloud,2026-10-01 12:00,36820000.0,10300000.0,9282322,5.19,投资人1975万+团队/早期贡献者1707万(DefiLlama),PANews/Tokenomist,Binance spot 1h klines (data-api.binance.vision),0.2382,0.2521,,0.2518,2026-10-01 12:42,5.835432409739716,-0.11900039666797868,,-0.11900039666797868,0.0,-0.21445418847496622,0.1695321812054118,-0.2885325778733905,解锁至今不足1小时
