ticker,name,unlock_time_utc8,unlock_type,amount,value_usd_source,value_usd_at_unlock,pct_circ,recipients,sources,n_sources,single_source,flags,source_times_utc8,source_amounts,source_urls,coingecko_id,price_source,price_7d_before,price_at_unlock,price_24h_after,price_now,price_now_time_utc8,pre7d_change_pct,post_unlock_change_pct,change_24h_after_pct,post_low_vs_unlock_pct,post_high_vs_unlock_pct,btc_pre7d_change_pct,btc_post_change_pct,relative_vs_btc_post_pp,post_window_hours
XPL,Plasma,2026-09-25 13:48,cliff,1894444444,N/A,217633777.8,41.78921569,insiders:902.78M; privateSale:902.78M; ecosystem:88.89M,DefiLlama,1,yes,single_source,DefiLlama@2026-09-25 13:48,DefiLlama=1.89B,https://defillama.com/unlocks/plasma,plasma,Binance XPLUSDT 1h,0.08888,0.11488,0.11205,0.0961,2026-10-02 07:55,29.25292529,-16.34749304,-2.463440111,-20.18628134,5.344707521,8.549063769,0.7613409652,-17.108834,162.1
WAL,Walrus Protocol,2026-09-26 04:42,cliff,32708333.33,N/A,1221656.25,1.270432109,noncirculating:25.21M; insiders:7.50M,DefiLlama,1,yes,single_source,DefiLlama@2026-09-26 04:42,DefiLlama=32.71M,https://defillama.com/unlocks/walrus-protocol,walrus-2,Binance WALUSDT 1h,0.0299,0.03735,0.03691,0.03388,2026-10-02 07:55,24.91638796,-9.290495315,-1.178045515,-12.7978581,2.329317269,3.466840679,0.9867887423,-10.27728406,147.2
ALT,AltLayer,2026-09-26 07:29,cliff,240096667.4,N/A,1937580.106,3.265275226,insiders:94.43M; privateSale:64.25M; noncirculating:52.25M; ecosystem:29.17M,DefiLlama,1,yes,single_source,DefiLlama@2026-09-26 07:29,DefiLlama=240.10M,https://defillama.com/unlocks/altlayer,altlayer,Binance ALTUSDT 1h,0.00709,0.00807,0.00813,0.00767,2026-10-02 07:55,13.82228491,-4.956629492,0.7434944238,-8.550185874,2.354399009,3.628364796,0.9110754189,-5.867704911,144.4
GRASS,Grass,2026-09-28 03:19,cliff,20712488.89,N/A,13058882.17,2.929733275,privateSale:10.50M; insiders:4.89M; farming:2.71M; noncirculating:2.61M,DefiLlama,1,yes,single_source,DefiLlama@2026-09-28 03:19,DefiLlama=20.71M,https://defillama.com/unlocks/grass,grass,CoinGecko grass hourly,0.3582033872,0.6304834849,0.5905337329,0.699195778,2026-10-02 07:54,76.01270883,10.89834941,-6.336367711,-13.219729,21.34165687,4.66813515,0.03565244385,10.86269696,100.6
B2,B2 Buzz,2026-09-28 18:13,cliff,3175085.524,N/A,1534697.415,3.345505356,ecosystem:1.07M; privateSale:840.00K; Uncategorized:679.41K; insiders:583.33K,DefiLlama,1,yes,single_source,DefiLlama@2026-09-28 18:13,DefiLlama=3.18M,https://defillama.com/unlocks/buzz-farming,bsquared-network,CoinGecko bsquared-network hourly,0.5222210342,0.4833562446,0.513082704,0.4949966786,2026-10-02 07:55,-7.442210682,2.408251501,6.150010412,0.6818030577,11.73256069,-2.348024953,2.640867752,-0.2326162508,85.7
FF,Falcon Finance,2026-09-29 09:23,cliff,203055555.6,N/A,24973802.78,6.073950976,ecosystem:135.00M; insiders:55.56M; privateSale:12.50M,DefiLlama,1,yes,single_source,DefiLlama@2026-09-29 09:23,DefiLlama=203.06M,https://defillama.com/unlocks/falcon-finance,falcon-finance-ff,Binance FFUSDT 1h,0.1281,0.12299,0.12896,0.12291,2026-10-02 07:55,-3.989071038,-0.06504593869,4.854053175,-5.260590292,7.252622164,-3.149385638,1.999646814,-2.064692753,70.5
MEGA,MegaETH Bridge,2026-09-29 12:25,cliff,20833333.33,N/A,855833.3333,1.24066634,publicSale:20.83M,DefiLlama,1,yes,single_source,DefiLlama@2026-09-29 12:25,DefiLlama=20.83M,https://defillama.com/unlocks/megaeth-bridge,megaeth,Binance MEGAUSDT 1h,0.04593,0.04108,0.04218,0.05007,2026-10-02 07:55,-10.55954714,21.88412853,2.677702045,0.4138266796,33.47127556,-3.060734486,2.141699771,19.74242876,67.5
ZORA,ZORA Protocol,2026-09-30 00:17,cliff,166666666.7,N/A,1319376.416,2.941176471,privateSale:72.50M; insiders:52.50M; noncirculating:41.67M,DefiLlama,1,yes,single_source,DefiLlama@2026-09-30 00:17,DefiLlama=166.67M,https://defillama.com/unlocks/zora-protocol,zora,CoinGecko zora hourly,0.00875511784,0.007916258498,0.008040357472,0.007902108289,2026-10-02 07:55,-9.581359806,-0.1787487,1.567646812,-2.77060494,3.089178953,-3.871067712,2.144159002,-2.322907702,55.6
SUI,Sui Foundation,2026-10-01 00:02,cliff,6069367,N/A,7196448.452,0.147309346,noncirculating:6.07M,DefiLlama,1,yes,single_source,DefiLlama@2026-10-01 00:02,DefiLlama=6.07M,https://defillama.com/unlocks/sui-foundation,sui,Binance SUIUSDT 1h,0.9553,1.1857,1.1497,1.1751,2026-10-02 07:55,24.11807809,-0.8939866745,-3.036181159,-4.098844564,0.8686851649,0.1648054669,0.8494501003,-1.743436775,31.9
MAV,Maverick Protocol,2026-10-01 04:27,cliff,45650080,N/A,522693.416,4.280612162,privateSale:30.00M; insiders:8.17M; farming:7.48M,DefiLlama,1,yes,single_source,DefiLlama@2026-10-01 04:27,DefiLlama=45.65M,https://defillama.com/unlocks/maverick-protocol,maverick-protocol,Binance MAVUSDT 1h,0.01132,0.01145,0.01148,0.0116,2026-10-02 07:55,1.148409894,1.310043668,0.2620087336,-1.048034934,3.406113537,-1.082420313,1.490314481,-0.1802708128,27.5
EIGEN,EigenCloud,2026-10-01 10:46,cliff,36820227,N/A,9105642.137,4.263788712,privateSale:19.75M; insiders:17.07M,DefiLlama,1,yes,single_source; short_post_window(21.1h),DefiLlama@2026-10-01 10:46,DefiLlama=36.82M,https://defillama.com/unlocks/eigencloud,eigenlayer,Binance EIGENUSDT 1h,0.2359,0.2473,N/A,0.247,2026-10-02 07:55,4.832556168,-0.1213101496,N/A,-2.911443591,1.940962394,-0.6970864171,1.593714989,-1.715025138,21.1
NUMI,NUMINE,2026-10-01 15:00,linear,26136169.72,628340.4098,625774.4497,6.662968918,Team:1.84M; Private Sale:21.11M; Seed:2.22M; Partner & Advisory:966.10K,CoinMarketCap,1,yes,single_source; short_post_window(16.9h),CoinMarketCap@2026-10-01 15:00,CoinMarketCap=26.14M,https://coinmarketcap.com/currencies/numine/,numine-token,CoinGecko numine-token hourly,0.02385165888,0.02394285224,N/A,0.0238172213,2026-10-02 07:55,0.3823354801,-0.5247116447,N/A,-0.5641938222,0.01622404942,0.008857027368,0.8650112427,-1.389722887,16.9
BEAT,Audiera,2026-10-01 16:00,linear,11250000,1033544.319,1036972.408,3.186818381,Community:8.33M; Foundation:2.92M,CoinMarketCap,1,yes,single_source; short_post_window(15.9h),CoinMarketCap@2026-10-01 16:00,CoinMarketCap=11.25M,https://coinmarketcap.com/currencies/audiera/,audiera,CoinGecko audiera hourly,0.09327066348,0.09217532515,N/A,0.09141509392,2026-10-02 07:55,-1.17436533,-0.8247665203,N/A,-1.487223962,1.000259831,-1.294413115,1.701044218,-2.525810738,15.9
SUI,Sui Foundation,2026-10-02 03:19,cliff,14716150.51,N/A,17284118.77,0.3571750573,insiders:7.37M; staking:7.35M,DefiLlama,1,yes,single_source; short_post_window(4.6h),DefiLlama@2026-10-02 03:19,DefiLlama=14.72M,https://defillama.com/unlocks/sui-foundation,sui,Binance SUIUSDT 1h,1.006,1.1745,N/A,1.1751,2026-10-02 07:55,16.74950298,0.05108556833,N/A,-0.8173690932,1.234567901,0.3859202157,0.05552933763,-0.0044437693,4.6
ZETA,ZetaChain,2026-10-02 07:29,cliff,44260416.67,N/A,2265075.934,2.755954006,insiders:22.46M; noncirculating:18.08M; ecosystem:2.62M; farming:1.09M,DefiLlama,1,yes,single_source; short_post_window(0.4h),DefiLlama@2026-10-02 07:29,DefiLlama=44.26M,https://defillama.com/unlocks/zetachain,zetachain,CoinGecko zetachain hourly,0.05099872728,0.0511761096,N/A,0.05118015054,2026-10-02 07:55,0.3478171597,0.007896139211,N/A,0.007896139211,0.007896139211,0.5605541325,0.1172510972,-0.109354958,0.4
